pred_label,class_name,confidence
1,巴罗洛,0.146481742796897
2,格里尼奥利诺,0.14690951619493
3,巴贝拉,0.151275493972914
4,桑娇维塞,0.146679536505266
5,内比奥罗,0.1575752574734
6,巴贝拉,0.145228273068988
7,蒙特布查诺,0.144626151613064
8,阿利亚尼科,0.151415856247694
9,普里米蒂沃,0.15091448133707
10,黑达沃拉,0.147610118478168
11,科维纳,0.147777022459664
12,多尔切托,0.147342514387338
